{"cameraMode":{"drawMode":2,"name":"Shaded Wireframe","section":"Shading Mode"},"sceneLighting":true,"audioPlay":false,"sceneViewState":{"showFog":true,"showMaterialUpdate":false,"showSkybox":true,"showFlares":true,"showImageEffects":true,"showParticleSystems":true},"in2DMode":false,"pivot":{"x":1934.4349365234375,"y":576.4299926757813,"z":9779.2587890625},"rotation":{"x":0.09707216918468476,"y":0.8654769659042358,"z":-0.4555424451828003,"w":0.1844595968723297},"size":3987.015380859375,"orthographic":false}