{"cameraMode":{"drawMode":2,"name":"Shaded Wireframe","section":"Shading Mode"},"sceneLighting":true,"audioPlay":false,"sceneViewState":{"showFog":true,"showMaterialUpdate":false,"showSkybox":true,"showFlares":true,"showImageEffects":true,"showParticleSystems":true},"in2DMode":false,"pivot":{"x":5002.56005859375,"y":-24.325576782226564,"z":10771.451171875},"rotation":{"x":0.4892822802066803,"y":0.28082096576690676,"z":-0.17005790770053864,"w":0.8079801201820374},"size":443.70721435546877,"orthographic":false}