{"cameraMode":{"drawMode":2,"name":"Shaded Wireframe","section":"Shading Mode"},"sceneLighting":true,"audioPlay":false,"sceneViewState":{"showFog":true,"showMaterialUpdate":false,"showSkybox":true,"showFlares":true,"showImageEffects":true,"showParticleSystems":true},"in2DMode":false,"pivot":{"x":4473.51708984375,"y":40.1796875,"z":11080.658203125},"rotation":{"x":0.8216914534568787,"y":0.17434144020080567,"z":-0.42558854818344118,"w":0.33660486340522768},"size":249.2518310546875,"orthographic":true}