{"cameraMode":{"drawMode":2,"name":"Shaded Wireframe","section":"Shading Mode"},"sceneLighting":true,"audioPlay":false,"sceneViewState":{"showFog":true,"showMaterialUpdate":false,"showSkybox":true,"showFlares":true,"showImageEffects":true,"showParticleSystems":true},"in2DMode":false,"pivot":{"x":1934.4349365234375,"y":576.4299926757813,"z":9779.2587890625},"rotation":{"x":0.12386296689510346,"y":0.8273841738700867,"z":-0.5095577836036682,"w":0.20115134119987489},"size":1111.346923828125,"orthographic":false}