{"cameraMode":{"drawMode":2,"name":"Shaded Wireframe","section":"Shading Mode"},"sceneLighting":true,"audioPlay":false,"sceneViewState":{"showFog":true,"showMaterialUpdate":false,"showSkybox":true,"showFlares":true,"showImageEffects":true,"showParticleSystems":true},"in2DMode":false,"pivot":{"x":1934.4349365234375,"y":576.4299926757813,"z":9779.2587890625},"rotation":{"x":0.4386569857597351,"y":0.5049257278442383,"z":-0.33336058259010317,"w":0.6644678115844727},"size":418.5161437988281,"orthographic":false}