{"cameraMode":{"drawMode":2,"name":"Shaded Wireframe","section":"Shading Mode"},"sceneLighting":true,"audioPlay":false,"sceneViewState":{"showFog":true,"showMaterialUpdate":false,"showSkybox":true,"showFlares":true,"showImageEffects":true,"showParticleSystems":true},"in2DMode":false,"pivot":{"x":0.005448026582598686,"y":0.0015955999260768295,"z":0.006810374557971954},"rotation":{"x":0.06319442391395569,"y":0.9244271516799927,"z":-0.3325365483760834,"w":0.1756790280342102},"size":0.9057666659355164,"orthographic":false}