{"cameraMode":{"drawMode":2,"name":"Shaded Wireframe","section":"Shading Mode"},"sceneLighting":true,"audioPlay":false,"sceneViewState":{"showFog":true,"showMaterialUpdate":false,"showSkybox":true,"showFlares":true,"showImageEffects":true,"showParticleSystems":true},"in2DMode":false,"pivot":{"x":5110.671875,"y":175.48501586914063,"z":10449.2080078125},"rotation":{"x":0.33070605993270876,"y":-0.2923179566860199,"z":0.10853196680545807,"w":0.8907350301742554},"size":460.0455627441406,"orthographic":true}