{"cameraMode":{"drawMode":2,"name":"Shaded Wireframe","section":"Shading Mode"},"sceneLighting":true,"audioPlay":false,"sceneViewState":{"showFog":true,"showMaterialUpdate":false,"showSkybox":true,"showFlares":true,"showImageEffects":true,"showParticleSystems":true},"in2DMode":false,"pivot":{"x":5110.671875,"y":175.48501586914063,"z":10449.2080078125},"rotation":{"x":0.3975846767425537,"y":0.5211663246154785,"z":-0.29874610900878909,"w":0.6935920119285584},"size":1257.1375732421875,"orthographic":true}