{"cameraMode":{"drawMode":2,"name":"Shaded Wireframe","section":"Shading Mode"},"sceneLighting":false,"audioPlay":false,"sceneViewState":{"showFog":true,"showMaterialUpdate":false,"showSkybox":false,"showFlares":true,"showImageEffects":true,"showParticleSystems":true},"in2DMode":false,"pivot":{"x":0.0061838869005441669,"y":176.10000610351563,"z":0.007154384627938271},"rotation":{"x":0.09465277194976807,"y":0.7661214470863342,"z":-0.6250124573707581,"w":0.1160246804356575},"size":10.0,"orthographic":false}