{"cameraMode":{"drawMode":2,"name":"Shaded Wireframe","section":"Shading Mode"},"sceneLighting":true,"audioPlay":false,"sceneViewState":{"showFog":true,"showMaterialUpdate":false,"showSkybox":true,"showFlares":true,"showImageEffects":true,"showParticleSystems":true},"in2DMode":false,"pivot":{"x":3724.09228515625,"y":1874.236572265625,"z":7898.4130859375},"rotation":{"x":0.27352049946784975,"y":0.7262529134750366,"z":-0.43534743785858157,"w":0.4563259780406952},"size":1811.2818603515625,"orthographic":false}