{"cameraMode":{"drawMode":2,"name":"Shaded Wireframe","section":"Shading Mode"},"sceneLighting":false,"audioPlay":false,"sceneViewState":{"showFog":true,"showMaterialUpdate":false,"showSkybox":false,"showFlares":true,"showImageEffects":true,"showParticleSystems":true},"in2DMode":false,"pivot":{"x":0.0061838869005441669,"y":176.10000610351563,"z":0.007154384627938271},"rotation":{"x":-0.20494306087493897,"y":-0.7066777944564819,"z":0.2270030826330185,"w":-0.6380346417427063},"size":10.0,"orthographic":false}