{"cameraMode":{"drawMode":2,"name":"Shaded Wireframe","section":"Shading Mode"},"sceneLighting":true,"audioPlay":false,"sceneViewState":{"showFog":true,"showMaterialUpdate":false,"showSkybox":true,"showFlares":true,"showImageEffects":true,"showParticleSystems":true},"in2DMode":false,"pivot":{"x":4473.51708984375,"y":40.1796875,"z":11080.658203125},"rotation":{"x":-0.048589449375867847,"y":0.48166218400001528,"z":0.0267616119235754,"w":0.8746007680892944},"size":249.2518310546875,"orthographic":true}