{"numberOfFiles":2,"voxels":[{"indices":1,"children":{"filename":"000007.mat_1.bytes","min":[699.02999999996973,275.37000000011176,48.490000000000009],"max":[728.04999999998836,279.83000000007451,58.449999999999989],"indices":[1,1]}},{"indices":2,"children":{"filename":"000008.mat_1.bytes","min":[-684.48999999999069,315.62999999988824,25.610000000000014],"max":[7.8099999999976717,415.070000000298,87.43],"indices":[2,1]}}]}